mobile_name,mobile_price,mobile_color,_sim,disp_size,resolution,os,num_cores,_speed,int_memory,ram,p_cam,f_cam,network,bluetooth,battery_power,mob_width,mob_height,mob_depth,mob_weight
RealmeNarzo10A(SoWhite32),8999.00,SoWhite,Sim,16.56,1152000,Android10,OctaCore,2,32,3,1222,5,4,Yes,5000,75,164.4,8.95,195
RealmeNarzo10A(SoBlue32)A3:T7,8999.00,SoBlue,Sim,16.56,1152000,Android10,OctaCore,2,32,3,1222,5,4,Yes,5000,75,164.4,8.95,195
RealmeNarzo10A(SoBlue64),9999.00,SoBlue,Sim,16.56,1152000,Android10,OctaCore,2,64,4,1222,5,4,Yes,5000,75,164.4,8.95,195
RealmeNarzo10A(SoWhite64),9999.00,SoWhite,Sim,16.56,1152000,Android10,OctaCore,2,64,4,1222,5,4,Yes,5000,75,164.4,8.95,195
RealmeNarzo10(Thatreen128),19999.00,Thatreen,Sim,16.51,1152000,Android10,OctaCore,2,128,4,48822,16,4,Yes,5000,75.4,164.4,9,199
RealmeNarzo10(ThatWhite128),11999.00,ThatWhite,Sim,16.51,1152000,Android10,OctaCore,2,128,4,48822,16,4,Yes,5000,75.4,164.4,9,
RealmeNarzo10A(SoWhite32),8999.00,SoWhite,Sim,16.56,1152000,Android10,OctaCore,2,32,3,1222,5,4,Yes,5000,75,164.4,8.95,195
RealmeNarzo10A(SoBlue32)A3:T7,8999.00,SoBlue,Sim,16.56,1152000,Android10,OctaCore,2,32,3,1222,5,4,Yes,5000,75,164.4,8.95,195
RealmeNarzo10A(SoBlue64),9999.00,SoBlue,Sim,16.56,1152000,Android10,OctaCore,2,64,4,1222,5,4,Yes,5000,75,164.4,8.95,195
RealmeNarzo10A(SoWhite64),9999.00,SoWhite,Sim,16.56,1152000,Android10,OctaCore,2,64,4,1222,5,4,Yes,5000,75,164.4,8.95,195
RealmeNarzo10(Thatreen128),11999.00,Thatreen,Sim,16.51,1152000,Android10,OctaCore,2,128,4,48822,16,4,Yes,5000,75.4,164.4,9,199
RealmeNarzo10(ThatWhite128),11999.00,ThatWhite,Sim,16.51,1152000,Android10,OctaCore,2,128,4,48822,16,4,Yes,5000,75.4,164.4,9,199
Realme5Pro(Crystalreen64),14999.00,Crystalreen,Sim,16,2527200,AndroidPie9.0,OctaCore,2.3,64,6,48822,16,3,Yes,4035,74.2,157,8.9,184
Realme5Pro(Crystalreen128),16999.00,Crystalreen,Sim,16,2527200,AndroidPie9.0,OctaCore,2.3,128,8,48822,16,3,Yes,4035,74.2,157,8.9,184
Realme5Pro(SparklinBlue128),16999.00,SparklinBlue,Sim,16,2527200,AndroidPie9.0,OctaCore,2.3,128,8,48822,16,3,Yes,4035,74.2,157,8.9,184
Realme5Pro(SparklinBlue64),13999.00,SparklinBlue,Sim,16,2527200,AndroidPie9.0,OctaCore,2.3,64,4,48822,16,3,Yes,4035,74.2,157,8.9,184
RealmeX2Pro(LunarWhite256),35999.00,LunarWhite,Sim,16.51,2592000,AndroidPie9,OctaCore,2.96,256,12,641382,16,3,Yes,4000,75.7,161,8.7,199
RealmeX2Pro(NeptuneBlue256),35999.00,NeptuneBlue,Sim,16.51,2592000,AndroidPie9,OctaCore,2.96,256,12,641382,16,3,Yes,4000,75.7,161,8.7,199
RealmeX2Pro(NeptuneBlue128),31999.00,NeptuneBlue,Sim,16.51,2592000,AndroidPie9,OctaCore,2.96,128,8,641382,16,3,Yes,4000,75.7,161,8.7,199
RealmeX2Pro(LunarWhite128),31999.00,LunarWhite,Sim,16.51,2592000,AndroidPie9,OctaCore,2.96,128,8,641382,16,3,Yes,4000,75.7,161,8.7,199
Realme2Pro(BlackSea128),15490.00,BlackSea,Sim,16,2527200,AndroidOreo8.1,OctaCore,1.95,128,8,162,16,3,Yes,3500,74,156.7,8.5,174
RealmeXT(PearlBlue64),16999.00,PearlBlue,Sim,16.26,2527200,AndroidPie9.0,OctaCore,2.3,64,4,64822,16,342,Yes,4000,75.16,158.7,8.55,183
RealmeXT(PearlWhite64),16999.00,PearlWhite,Sim,16.26,2527200,AndroidPie9.0,OctaCore,2.3,64,4,64822,16,423,Yes,4000,75.16,158.7,8.55,183
RealmeNarzo10A(SoWhite64),9999.00,SoWhite,Sim,16.56,1152000,Android10,OctaCore,2,64,4,1222,5,4,Yes,5000,75,164.4,8.95,195
RealmeNarzo10(Thatreen128),11999.00,Thatreen,Sim,16.51,1152000,Android10,OctaCore,2,128,4,48822,16,4,Yes,5000,75.4,164.4,9,199
RealmeNarzo10(ThatWhite128),11999.00,ThatWhite,Sim,16.51,1152000,Android10,OctaCore,2,128,4,48822,16,4,Yes,5000,75.4,164.4,9,
RealmeNarzo10A(SoWhite32),8999.00,SoWhite,Sim,16.56,1152000,Android10,OctaCore,2,32,3,1222,5,4,Yes,5000,75,164.4,8.95,195
RealmeNarzo10A(SoBlue32)A3:T7,8999.00,SoBlue,Sim,16.56,1152000,Android10,OctaCore,2,32,3,1222,5,4,Yes,5000,75,164.4,8.95,195
RealmeNarzo10A(SoBlue64),9999.00,SoBlue,Sim,16.56,1152000,Android10,OctaCore,2,64,4,1222,5,4,Yes,5000,75,164.4,8.95,195
RealmeNarzo10A(SoWhite64),9999.00,SoWhite,Sim,16.56,1152000,Android10,OctaCore,2,64,4,1222,5,4,Yes,5000,75,164.4,8.95,195
RealmeC2(DiamondBlack32),6999.00,DiamondBlack,Sim,15.49,1123200,AndroidPie9.0,OctaCore,2,32,2,132,5,3,Yes,4000,73.7,154.3,8.5,166
RealmeC2(DiamondBlue32),6999.00,DiamondBlue,Sim,15.49,1123200,AndroidPie9.0,OctaCore,2,32,2,132,5,3,Yes,4000,73.7,154.3,8.5,166
RealmeC2(DiamondBlack32),7499.00,DiamondBlack,Sim,15.49,1123200,AndroidPie9.0,OctaCore,2,32,3,132,5,3,Yes,4000,73.7,154.3,8.5,166
RealmeC2(DiamondBlue32),7499.00,DiamondBlue,Sim,15.49,1123200,AndroidPie9.0,OctaCore,2,32,3,132,5,3,Yes,4000,73.7,154.3,8.5,166
RealmeC2(DiamondRuby32),7499.00,DiamondRuby,Sim,15.49,1123200,AndroidPie9.0,OctaCore,2,32,3,132,5,3,Yes,4000,73.7,154.3,8.5,166
Realme6(CometBlue128),17999.00,CometBlue,Sim,16.51,2592000,Android10,OctaCore,2.05,128,8,64822,16,4,Yes,4300,74.8,162.1,9.6,191
RealmeC2(DiamondSapphire32),7499.00,DiamondSapphire,Sim,15.49,1123200,AndroidPie9.0,OctaCore,2,32,3,132,5,3,Yes,4000,73.7,154.3,8.5,166
Realme5Pro(Crystalreen64),13999.00,Crystalreen,Sim,16,2527200,AndroidPie9.0,OctaCore,2.3,64,4,48822,16,3,Yes,4035,74.2,157,8.9,184
Realme5s(CrystalRed128),11999.00,CrystalRed,Sim,16.51,1152000,AndroidPie9,OctaCore,2,128,4,48822,13,3,Yes,5000,75.6,164.4,9.3,
Realme5s(CrystalBlue64),10999.00,CrystalBlue,Sim,16.51,1152000,AndroidPie9,OctaCore,2,64,4,48822,13,3,Yes,5000,75.6,164.4,9.3,198
Realme5s(CrystalPurple128),11999.00,CrystalPurple,Sim,16.51,1152000,AndroidPie9,OctaCore,2,128,4,48822,13,3,Yes,5000,75.6,164.4,9.3,198
Realme5s(CrystalRed64),10999.00,CrystalRed,Sim,16.51,1152000,AndroidPie9,OctaCore,2,64,4,48822,13,3,Yes,5000,75.6,164.4,9.3,198
Realme5s(CrystalBlue128),11999.00,CrystalBlue,Sim,16.51,1152000,AndroidPie9,OctaCore,2,128,4,48822,13,3,Yes,5000,75.6,164.4,9.3,198
Realme5s(CrystalPurple64),10999.00,CrystalPurple,Sim,16.51,1152000,AndroidPie9,OctaCore,2,64,4,48822,13,3,Yes,5000,75.6,164.4,9.3,198
RealmeX2Pro(NeptuneBlue64),29999.00,NeptuneBlue,Sim,16.51,2592000,AndroidPie9,OctaCore,2.96,64,6,641382,16,3,Yes,4000,75.7,161,8.7,199
RealmeX2Pro(LunarWhite64),29999.00,LunarWhite,Sim,16.51,2592000,AndroidPie9,OctaCore,2.96,64,6,641382,16,3,Yes,4000,75.7,161,8.7,199
RealmeX2Pro(RedBrick256),36999.00,RedBrick,Sim,16.51,2592000,AndroidPie9,OctaCore,2.96,256,12,641382,16,3,Yes,4000,75.7,161,8.7,199
RealmeX2Pro(Concrete256),36999.00,Concrete,Sim,16.51,2592000,AndroidPie9,OctaCore,2.96,256,12,641382,16,3,Yes,4000,75.7,161,8.7,199
Realme6(CometWhite128),17999.00,CometWhite,Sim,16.51,2592000,Android10,OctaCore,2.05,128,8,64822,16,4,Yes,4300,74.8,162.1,9.6,191
RealmeC2(DiamondSapphire32),7499.00,DiamondSapphire,Sim,15.49,1123200,AndroidPie9.0,OctaCore,2,32,3,132,5,3,Yes,4000,73.7,154.3,8.5,166
Realme5Pro(Crystalreen64),13999.00,Crystalreen,Sim,16,2527200,AndroidPie9.0,OctaCore,2.3,64,4,48822,16,3,Yes,4035,74.2,157,8.9,184
Realme5s(CrystalRed128),11999.00,CrystalRed,Sim,16.51,1152000,AndroidPie9,OctaCore,2,128,4,48822,13,3,Yes,5000,75.6,164.4,9.3,198
Realme5s(CrystalBlue64),10999.00,CrystalBlue,Sim,16.51,1152000,AndroidPie9,OctaCore,2,64,4,48822,13,3,Yes,5000,75.6,164.4,9.3,198
Realme5s(CrystalPurple128),11999.00,CrystalPurple,Sim,16.51,1152000,AndroidPie9,OctaCore,2,128,4,48822,13,3,Yes,5000,75.6,164.4,9.3,198
Realme5s(CrystalRed64),10999.00,CrystalRed,Sim,16.51,1152000,AndroidPie9,OctaCore,2,64,4,48822,13,3,Yes,5000,75.6,164.4,9.3,198
Realme5s(CrystalBlue128),11999.00,CrystalBlue,Sim,16.51,1152000,AndroidPie9,OctaCore,2,128,4,48822,13,3,Yes,5000,75.6,164.4,9.3,198
Realme5s(CrystalPurple64),10999.00,CrystalPurple,Sim,16.51,1152000,AndroidPie9,OctaCore,2,64,4,48822,13,3,Yes,5000,75.6,164.4,9.3,198
RealmeX2Pro(NeptuneBlue64),29999.00,NeptuneBlue,Sim,16.51,2592000,AndroidPie9,OctaCore,2.96,64,6,641382,16,3,Yes,4000,75.7,161,8.7,199
RealmeX2Pro(LunarWhite64),29999.00,LunarWhite,Sim,16.51,2592000,AndroidPie9,OctaCore,2.96,64,6,641382,16,3,Yes,4000,75.7,161,8.7,199
RealmeX2Pro(RedBrick256),36999.00,RedBrick,Sim,16.51,2592000,AndroidPie9,OctaCore,2.96,256,12,641382,16,3,Yes,4000,75.7,161,8.7,
RealmeX2Pro(Concrete256),36999.00,Concrete,Sim,16.51,2592000,AndroidPie9,OctaCore,2.96,256,12,641382,16,3,Yes,4000,75.7,161,8.7,199
RealmeX2(PearlWhite128),19999.00,PearlWhite,Sim,16.26,2527200,AndroidPie9,OctaCore,2.2,128,6,64822,32,4,Yes,4000,75.2,158.7,8.6,182
RealmeX2(Pearlreen128),19999.00,Pearlreen,Sim,16.26,2527200,AndroidPie9,OctaCore,2.2,128,6,64822,32,4,Yes,4000,75.2,158.7,8.6,182
RealmeX2(PearlBlue64),17999.00,PearlBlue,Sim,16.26,2527200,AndroidPie9,OctaCore,2.2,64,4,64822,32,4,Yes,4000,75.2,158.7,8.6,182
RealmeX2(Pearlreen64),17999.00,Pearlreen,Sim,16.26,2527200,AndroidPie9,OctaCore,2.2,64,4,64822,32,4,Yes,4000,75.2,158.7,8.6,182
RealmeX2(Pearlreen128),20999.00,Pearlreen,Sim,16.26,2527200,AndroidPie9,OctaCore,2.2,128,8,64822,32,4,Yes,4000,75.2,158.7,8.6,182
RealmeX2(PearlBlue128),19999.00,PearlBlue,Sim,16.26,2527200,AndroidPie9,OctaCore,2.2,128,6,64822,32,4,Yes,4000,75.2,158.7,8.6,182
RealmeX2(PearlBlue128),20999.00,PearlBlue,Sim,16.26,2527200,AndroidPie9,OctaCore,2.2,128,8,64822,32,4,Yes,4000,75.2,158.7,8.6,182
RealmeX2(PearlWhite128),20999.00,PearlWhite,Sim,16.26,2527200,AndroidPie9,OctaCore,2.2,128,8,64822,32,4,Yes,4000,75.2,158.7,8.6,182
RealmeC2(DiamondBlue16),6499.00,DiamondBlue,Sim,15.49,1123200,AndroidPie9.0,OctaCore,2,16,2,132,5,3,Yes,4000,73.7,154.3,8.5,166
RealmeNarzo10(ThatBlue128),11999.00,ThatBlue,Sim,16.51,1152000,Android10,OctaCore,2,128,4,48822,16,4,Yes,5000,75.4,164.4,9,199
RealmeX3(lacierBlue128),25999.00,lacierBlue,Sim,16.69,2592000,Android10,OctaCore,2.96,128,8,641282,168,4,Yes,4200,75.8,163.8,9.3,202
RealmeX3(lacierBlue128),24999.00,lacierBlue,Sim,16.69,2592000,Android10,OctaCore,2.96,128,6,641282,168,4,Yes,4200,75.8,163.8,9.3,202
RealmeX3(ArcticWhite128),25999.00,ArcticWhite,Sim,16.69,2592000,Android10,OctaCore,2.96,128,8,641282,168,4,Yes,4200,75.8,163.8,9.3,202
RealmeX3SuperZoom(lacierBlue128),27999.00,lacierBlue,Sim,16.69,2592000,Android10,OctaCore,2.96,128,8,64882,328,4,Yes,4200,75.8,163.8,9.3,202
RealmeX3SuperZoom(lacierBlue256),32999.00,lacierBlue,Sim,16.69,2592000,Android10,OctaCore,2.96,256,12,64882,328,4,Yes,4200,75.8,163.8,9.3,202
RealmeX3SuperZoom(ArcticWhite256),32999.00,ArcticWhite,Sim,16.69,2592000,Android10,OctaCore,2.96,256,12,64882,328,4,Yes,4200,75.8,163.8,9.3,202
RealmeX3SuperZoom(ArcticWhite128),27999.00,ArcticWhite,Sim,16.69,2592000,Android10,OctaCore,2.96,128,8,64882,328,4,Yes,4200,75.8,163.8,9.3,202
Realme3(DynamicBlack32),8499.00,DynamicBlack,Sim,15.8,1094400,AndroidPie9.0,OctaCore,2.1,32,3,132,13,3,Yes,4230,75.6,156.1,8.3,175
Realme3(DiamondRed64),9499.00,DiamondRed,Sim,15.8,1094400,AndroidPie9,OctaCore,2.1,64,4,132,13,3,Yes,4230,75.6,156.1,8.3,175
Realme3(RadiantBlue64),9499.00,RadiantBlue,Sim,15.8,1094400,AndroidPie9,OctaCore,2.1,64,3,132,13,3,Yes,4230,75.6,156.1,8.3,175
Realme3(DynamicBlack64),9499.00,DynamicBlack,Sim,15.8,1094400,AndroidPie9,OctaCore,2.1,64,3,132,13,3,Yes,4230,75.6,156.1,8.3,175
Realme3(DiamondRed32),8499.00,DiamondRed,Sim,15.8,1094400,AndroidPie9,OctaCore,2.1,32,3,132,13,3,Yes,4230,75.6,156.1,8.3,175
Realme3(RadiantBlue64),10499.00,RadiantBlue,Sim,15.8,1094400,AndroidPie9.0,OctaCore,2.1,64,4,132,13,3,Yes,4230,75.6,156.1,8.3,175
Realme3(Black64),10499.00,Black,Sim,15.8,1094400,AndroidPie9.0,OctaCore,2.1,64,4,132,13,3,Yes,4230,75.6,156.1,8.3,175
Redmi8(SapphireBlue64),9799.00,SapphireBlue,Sim,15.8,1094400,AndroidPie9,OctaCore,1.95,64,4,122,8,42,Yes,5000,75.41,156.48,9.4,188
Redmi8(OnyxBlack64),9799.00,OnyxBlack,Sim,15.8,1094400,AndroidPie9,OctaCore,1.95,64,4,122,8,42,Yes,5000,75.41,156.48,9.4,188
RedmiK20Pro(FlameRed128),24999.00,FlameRed,Sim,16.23,2527200,AndroidPie9.0,OctaCore,2.84,128,6,48138,20,3,Yes,4000,74.3,156.7,8.8,191
RedmiNote9Pro(AuroraBlue64),16999.00,AuroraBlue,Sim,16.94,2592000,AndroidPie10,OctaCore,2.3,64,4,48852,16,4,Yes,5020,76.68,165.75,8.8,209
RedmiK20Pro(CarbonBlack128),24999.00,CarbonBlack,Sim,16.23,2527200,AndroidPie9.0,OctaCore,2.84,128,6,48138,20,3,Yes,4000,74.3,156.7,8.8,191
MiA3(MoreThanWhite128),16939.00,MoreThanWhite,Sim,15.44,1123200,AndroidPie9,OctaCore,2,128,6,4882,32,423,Yes,4030,71.85,153.48,8.475,173.8
RedmiK20Pro(lacierBlue128),24999.00,lacierBlue,Sim,16.23,2527200,AndroidPie9.0,OctaCore,2.84,128,6,48138,20,3,Yes,4000,74.3,156.7,8.8,191
RedmiNote7Pro(SpaceBlack128),16999.00,SpaceBlack,Sim,16,2527200,AndroidPie9.0,OctaCore,2,128,6,485,13,3,Yes,4000,75.21,159.21,8.1,186
MiA3(NotjustBlue128),14999.00,NotjustBlue,Sim,15.44,1123200,AndroidPie9,OctaCore,2,128,6,4882,32,423,Yes,4030,71.85,153.48,8.475,173.8
MiMix2(Black128),16999.00,Black,Sim,15.21,2332800,AndroidNouat7.1.1,OctaCore,2.5,128,6,12,5,3,Yes,3400,75.49,151.86,7.7,185
RedmiK20Pro(PearlWhite128),24999.00,PearlWhite,Sim,16.23,2527200,AndroidPie9.0,OctaCore,2.84,128,6,48138,20,3,Yes,4000,74.3,156.7,8.8,191
MiA3(Kindofrey128),17350.00,Kindofrey,Sim,15.44,1123200,AndroidPie9,OctaCore,2,128,6,4882,32,423,Yes,4030,71.85,153.48,8.475,173.8
RedmiK20Pro(CarbonBlack256),29999.00,CarbonBlack,Sim,16.23,2527200,AndroidPie9.0,OctaCore,2.84,256,8,48138,20,3,Yes,4000,74.3,156.7,8.8,191
RedmiNote7Pro(NebulaRed128),13999.00,NebulaRed,Sim,16,2527200,AndroidPie9.0,OctaCore,2,128,6,485,13,3,Yes,4000,75.21,159.21,8.1,186
RedmiK20(CarbonBlack64),21999.00,CarbonBlack,Sim,16.23,2527200,AndroidPie9.0,OctaCore,2.2,64,6,48138,20,3,Yes,4000,74.3,156.7,8.8,191
RedmiY2(old64),13495.00,old,Sim,15.21,1036800,AndroidOreo8.0,OctaCore,2,64,4,125,16,342,Yes,3080,77.26,160.73,8.1,168
RedmiK20Pro(PearlWhite256),29999.00,PearlWhite,Sim,16.23,2527200,AndroidPie9,OctaCore,2.84,256,8,48138,20,3,Yes,4000,74.3,156.7,8.8,
RedmiK20(lacierBlue128),24999.00,lacierBlue,Sim,16.23,2527200,AndroidPie9.0,OctaCore,2.2,128,6,48138,20,3,Yes,4000,74.3,156.7,8.8,191
RedmiNote6Pro(Roseold64),15990.00,Roseold,Sim,15.9,2462400,AndroidOreo8.1,OctaCore,1.8,64,4,125,202,3,Yes,4000,76.4,157.9,8.26,181
MiA2(Red64),13999.00,Red,Sim,15.21,2332800,AndroidOreo8.1,OctaCore,2.2,64,4,2012,20,3,Yes,3010,75.4,158.7,7.3,168
Mi10(Twilihtrey256),55799.00,Twilihtrey,Sim,16.94,2527200,AndroidPie10,OctaCore,2.84,256,8,108,20,4,Yes,4780,74.8,162.58,8.96,209
Mi10(Coralreen128),51800.00,Coralreen,Sim,16.94,2527200,AndroidPie10,OctaCore,2.84,128,8,108,20,4,Yes,4780,74.8,162.58,8.96,209
RedmiK20(FlameRed128),24999.00,FlameRed,Sim,16.23,2527200,AndroidPie9.0,OctaCore,2.2,128,6,48138,20,3,Yes,4000,74.3,156.7,8.8,191
MiA2(Red128),16899.00,Red,Sim,15.21,2332800,AndroidOreo8.1,OctaCore,2.2,128,6,2012,20,3,Yes,3010,75.4,158.7,7.3,168
MiA2(old128),16899.00,old,Sim,15.21,2332800,AndroidOreo8.1,OctaCore,2.2,128,6,2012,20,3,Yes,3010,75.4,158.7,7.3,168
RedmiK20(CarbonBlack128),24999.00,CarbonBlack,Sim,16.23,2527200,AndroidPie9.0,OctaCore,2.2,128,6,48138,20,3,Yes,4000,74.3,156.7,8.8,191
MiA2(LakeBlue128),16899.00,LakeBlue,Sim,15.21,2332800,AndroidOreo8.1,OctaCore,2.2,128,6,2012,20,3,Yes,3010,75.4,158.7,7.3,168
RedmiNote5Pro(Red64),16999.00,Red,Sim,15.21,2332800,AndroidNouat7.1.2,OctaCore,1.8,64,6,125,20,34,Yes,4000,75.35,158.58,8.05,181
RedmiK20(PearlWhite128),24999.00,PearlWhite,Sim,16.23,2527200,AndroidPie9,OctaCore,2.2,128,6,48138,20,3,Yes,4000,74.3,156.7,8.8,191
MI3(Metallicrey16),13999.00,Metallicrey,singleSim,12.7,2073600,AndroidKitKat4.4.2,QuadCore,2.3,16,2,13,2,3,Yes,3050,73.6,144,8.1,145
Redmi8(Emeraldreen64),9799.00,Emeraldreen,Sim,15.8,1094400,AndroidPie9,OctaCore,1.95,64,4,122,8,42,Yes,5000,75.41,156.48,9.4,188
Redmi8(RubyRed64),9799.00,RubyRed,Sim,15.8,1094400,AndroidPie9,OctaCore,1.95,64,4,122,8,42,Yes,5000,75.41,156.48,9.4,188
Redmi8(OnyxBlack64),9799.00,OnyxBlack,Sim,15.8,1094400,AndroidPie9,OctaCore,1.95,64,4,122,8,42,Yes,5000,75.41,156.48,9.4,188
MiA3(Kindofrey64),12999.00,Kindofrey,Sim,15.46,1123200,AndroidPie9,OctaCore,2,64,4,4882,32,423,Yes,4030,71.85,153.48,8.475,173.8
RedmiNote9Pro(InterstellarBlack128),14999.00,InterstellarBlack,Sim,16.94,2592000,AndroidPie10,OctaCore,2.3,128,6,48852,16,4,Yes,5020,76.68,165.75,8.8,209
RedmiNote9Pro(AuroraBlue128),14999.00,AuroraBlue,Sim,16.94,2592000,AndroidPie10,OctaCore,2.3,128,6,48852,16,4,Yes,5020,76.68,165.75,8.8,209
RedmiNote9Pro(AuroraBlue64),16998.00,AuroraBlue,Sim,16.94,2592000,AndroidPie10,OctaCore,2.3,64,4,48852,16,4,Yes,5020,76.68,165.75,8.8,209
Redmi8A(SeaBlue32),7399.00,SeaBlue,Sim,15.8,1094400,AndroidPie9,OctaCore,2,32,2,132,8,42,Yes,5000,9,175,92,186
Redmi8A(Midnihtrey32),7499.00,Midnihtrey,Sim,15.8,1094400,AndroidPie9,OctaCore,2,32,3,132,8,4,Yes,5000,9,175,92,186
RedmiNote8(MoonlihtWhite64),11199.00,MoonlihtWhite,Sim,16,2462400,AndroidPie9,OctaCore,2,64,4,488,13,4,Yes,4000,8.35,158.3,75.3,190
RedmiNote8(NeptuneBlue128),13261.00,NeptuneBlue,Sim,16,2462400,AndroidPie9,OctaCore,2,128,6,488,13,4,Yes,4000,8.35,158.3,75.3,190
RedmiNote8(NeptuneBlue32),10978.00,NeptuneBlue,Sim,16,2462400,AndroidPie9,OctaCore,2,32,3,488,13,4,Yes,4000,8.35,158.3,75.3,190
MiA3(NotjustBlue64),12999.00,NotjustBlue,Sim,15.46,1123200,AndroidPie9,OctaCore,2,64,4,4882,32,423,Yes,4030,71.85,153.48,8.475,
MiA3(MoreThanWhite64),12999.00,MoreThanWhite,Sim,15.46,1123200,AndroidPie9,OctaCore,2,64,4,4882,32,423,Yes,4030,71.85,153.48,8.475,173.8
RedmiNote8(NeptuneBlue64),11280.00,NeptuneBlue,Sim,16,2462400,AndroidPie9,OctaCore,2,64,4,488,13,4,Yes,4000,8.35,158.3,75.3,190
RedmiNote8(SpaceBlack64),10100.00,SpaceBlack,Sim,16,2462400,AndroidPie9,OctaCore,2,64,4,488,13,4,Yes,4000,8.35,158.3,75.3,190
Redmi8A(SkyWhite32),7450.00,SkyWhite,Sim,15.8,1094400,AndroidPie9,OctaCore,2,32,3,132,8,42,Yes,5000,9,175,92,186
RedmiNote7Pro(SpaceBlack64),12999.00,SpaceBlack,Sim,16,2527200,AndroidPie9,OctaCore,2,64,6,485,13,3,Yes,4000,75.21,159.21,8.1,186
RedmiK20Pro(FlameRed256),29999.00,FlameRed,Sim,16.23,2527200,AndroidPie9.0,OctaCore,2.84,256,8,48138,20,3,Yes,4000,74.3,156.7,8.8,191
RedmiNote9Pro(lacierWhite64),12999.00,lacierWhite,Sim,16.94,2592000,AndroidPie10,OctaCore,2.3,64,4,48852,16,4,Yes,5020,76.68,165.75,8.8,209
RedmiNote9Pro(InterstellarBlack64),12999.00,InterstellarBlack,Sim,16.94,2592000,AndroidPie10,OctaCore,2.3,64,4,48852,16,4,Yes,5020,76.68,165.75,8.8,209
Redmi8A(SeaBlue32),7499.00,SeaBlue,Sim,15.8,1094400,AndroidPie9,OctaCore,2,32,3,132,8,42,Yes,5000,9,175,92,186
RedmiNote6Pro(Black64),11999.00,Black,Sim,15.9,2462400,AndroidOreo8.1,OctaCore,1.8,64,6,125,202,3,Yes,4000,76.4,157.9,8.26,181
RedmiNote6Pro(Red64),11999.00,Red,Sim,15.9,2462400,AndroidOreo8.1,OctaCore,1.8,64,6,125,202,3,Yes,4000,76.4,157.9,8.26,181
RedmiNote4(Black64),12999.00,Black,Sim,13.97,2073600,AndroidMarshmallow6.0.1,OctaCore,2,64,4,13,5,34,Yes,4100,76,151,8.4,165
RedmiNote6Pro(Roseold64),11999.00,Roseold,Sim,15.9,2462400,AndroidOreo8.1,OctaCore,1.8,64,6,125,202,3,Yes,4000,76.4,157.9,8.26,181
RedmiK20(lacierBlue64),21999.00,lacierBlue,Sim,16.23,2527200,AndroidPie9.0,OctaCore,2.2,64,6,48138,20,3,Yes,4000,74.3,156.7,8.8,191
RedmiNote5Pro(old64),12999.00,old,Sim,15.21,2332800,AndroidNouat7.1.2,OctaCore,1.8,64,4,125,20,34,Yes,4000,75.35,158.58,8.05,181
RedmiNote7Pro(AstroMoonlihtWhite128),13999.00,AstroMoonlihtWhite,Sim,16,2527200,AndroidPie9,OctaCore,2,128,6,485,13,2,Yes,4000,75.21,159.21,8.1,186
RedmiNote9ProMax(InterstellarBlack128),16999.00,InterstellarBlack,Sim,16.94,2592000,AndroidPie10,OctaCore,2.3,128,6,64852,32,34,Yes,5020,76.68,165.5,8.8,209
RedmiNote9ProMax(lacierWhite128),16999.00,lacierWhite,Sim,16.94,2592000,AndroidPie10,OctaCore,2.3,128,6,64852,32,34,Yes,5020,76.68,165.5,8.8,209
Redmi8A(SunsetRed32),6999.00,SunsetRed,Sim,15.8,1094400,AndroidPie9.0,OctaCore,1.95,32,2,12,8,42,Yes,5000,75.41,156.48,9.4,188
RedmiNote7Pro(SpaceBlack64),10999.00,SpaceBlack,Sim,16,2527200,AndroidPie9.0,OctaCore,2,64,4,485,13,3,Yes,4000,75.21,159.21,8.1,186
Mi10(Coralreen256),55400.00,Coralreen,Sim,16.94,2527200,AndroidPie10,OctaCore,2.84,256,8,108,20,4,Yes,4780,74.8,162.58,8.96,209
RedmiNote5Pro(Black64),13999.00,Black,Sim,15.21,2332800,AndroidNouat7.1.2,OctaCore,1.8,64,6,125,20,34,Yes,4000,75.35,158.58,8.05,181
RedmiNote5Pro(Roseold64),16999.00,Roseold,Sim,15.21,2332800,AndroidNouat7.1.2,OctaCore,1.8,64,6,125,20,34,Yes,4000,75.35,158.58,8.05,181
RedmiNote5Pro(Red64),12999.00,Red,Sim,15.21,2332800,AndroidNouat7.1.2,OctaCore,1.8,64,4,125,20,34,Yes,4000,75.35,158.58,8.05,181
MiA2(Red64),13999.00,Red,Sim,15.21,2332800,AndroidOreo8.1,OctaCore,2.2,64,4,2012,20,3,Yes,3010,75.4,158.7,7.3,
RedmiNote5Pro(old64),17999.00,old,Sim,15.21,2332800,AndroidNouat7.1.2,OctaCore,1.8,64,6,125,20,34,Yes,4000,75.35,158.58,8.05,181
MiA2(Blue/LakeBlue64),13999.00,Blue/LakeBlue,Sim,15.21,2332800,AndroidOreo8.1,OctaCore,2.2,64,4,2012,20,3,Yes,3010,75.4,158.7,7.3,168
Redmio(Blue16),6700.00,Blue,Sim,12.7,921600,AndroidOreo8.1,QuadCore,1.4,16,1,8,5,3,Yes,3000,70.1,140.4,8.35,137
RedmiNote5Pro(Black64),12999.00,Black,Sim,15.21,2332800,AndroidNouat7.1.2,OctaCore,1.8,64,4,125,20,34,Yes,4000,75.35,158.58,8.05,181
RedmiNote7S(SapphireBlue32),9999.00,SapphireBlue,Sim,16,2527200,AndroidPie9.0,OctaCore,2.2,32,3,485,13,3,Yes,4000,75.21,159.21,8.1,186
RedmiY2(Roseold64),8499.00,Roseold,Sim,15.21,1036800,AndroidOreo8.0,OctaCore,2,64,4,125,16,342,Yes,3080,77.26,160.73,8.1,168
Redmi7A(MatteBlack32),6699.00,MatteBlack,Sim,13.84,1036800,AndroidPie9.0,OctaCore,2,32,2,12,5,42,Yes,4000,70.4,146.3,9.55,165
RedmiNote7S(OnyxBlack64),11999.00,OnyxBlack,Sim,16,2527200,AndroidPie9.0,OctaCore,2.2,64,4,485,13,3,Yes,4000,75.21,159.21,8.1,186
RedmiY2(Blue32),7999.00,Blue,Sim,15.21,1036800,AndroidOreo8.0,OctaCore,2,32,3,125,16,342,Yes,3080,77.26,160.73,8.1,168
RedmiY2(Black64),8499.00,Black,Sim,15.21,1036800,AndroidOreo8.0,OctaCore,2,64,4,125,16,342,Yes,3080,77.26,160.73,8.1,168
RedmiNote7(OnyxBlack32),9999.00,OnyxBlack,Sim,16,2527200,AndroidPie9.0,OctaCore,2.2,32,3,122,13,3,Yes,4000,75.21,159.21,8.1,186
Redmi7A(MatteBlack16),6499.00,MatteBlack,Sim,13.84,1036800,AndroidPie9.0,OctaCore,2,16,2,12,5,42,Yes,4000,70.4,146.3,9.55,165
Redmi6(Roseold32),7999.00,Roseold,Sim,13.84,1036800,AndroidOreo8.1,OctaCore,2,32,3,125,5,3,Yes,3000,71.5,147.5,8.3,146
RedmiNote7(RubyRed32),9999.00,RubyRed,Sim,16,2527200,AndroidPie9.0,OctaCore,2.2,32,3,122,13,3,Yes,4000,75.21,159.21,8.1,186
RedmiNote7S(RubyRed64),11999.00,RubyRed,Sim,16,2527200,AndroidPie9.0,OctaCore,2.2,64,4,485,13,3,Yes,4000,75.21,159.21,8.1,186
Redmi7A(Matteold16),6499.00,Matteold,Sim,13.84,1036800,AndroidPie9.0,OctaCore,2,16,2,12,5,42,Yes,4000,70.4,146.3,9.55,165
RedmiNote5Pro(Blue64),13999.00,Blue,Sim,15.21,2332800,AndroidNouat7.1.2,OctaCore,1.8,64,6,125,20,34,Yes,4000,75.35,158.58,8.05,181
RedmiNote5Pro(Blue64),12999.00,Blue,Sim,15.21,2332800,AndroidNouat7.1.2,OctaCore,1.8,64,4,125,20,34,Yes,4000,75.35,158.58,8.05,181
RedmiY3(EleantBlue32),8369.00,EleantBlue,Sim,15.9,1094400,AndroidPie9.0,OctaCore,1.8,32,3,122,32,342,Yes,4000,75.58,158.73,8.47,180
RedmiY3(PrimeBlack32),8090.00,PrimeBlack,Sim,15.9,1094400,AndroidPie9.0,OctaCore,1.8,32,3,122,32,342,Yes,4000,75.58,158.73,8.47,180
RedmiNote7(SapphireBlue32),9999.00,SapphireBlue,Sim,16,2527200,AndroidPie9.0,OctaCore,2.2,32,3,122,13,3,Yes,4000,75.21,159.21,8.1,186
RedmiK20(FlameRed64),21999.00,FlameRed,Sim,16.23,2527200,AndroidPie9.0,OctaCore,2.2,64,6,48138,20,3,Yes,4000,74.3,156.7,8.8,191
RedmiNote7S(AstroMoonlihtWhite32),9999.00,AstroMoonlihtWhite,Sim,16,2527200,AndroidPie9,OctaCore,2.2,32,3,485,13,2,Yes,4000,75.21,159.21,8.1,186
Mi10(Coralreen256),55400.00,Coralreen,Sim,16.94,2527200,AndroidPie10,OctaCore,2.84,256,8,108,20,4,Yes,4780,74.8,162.58,8.96,209
RedmiNote5Pro(Black64),13999.00,Black,Sim,15.21,2332800,AndroidNouat7.1.2,OctaCore,1.8,64,6,125,20,34,Yes,4000,75.35,158.58,8.05,181
RedmiNote5Pro(Roseold64),16999.00,Roseold,Sim,15.21,2332800,AndroidNouat7.1.2,OctaCore,1.8,64,6,125,20,34,Yes,4000,75.35,158.58,8.05,
RedmiNote5Pro(Red64),12999.00,Red,Sim,15.21,2332800,AndroidNouat7.1.2,OctaCore,1.8,64,4,125,20,34,Yes,4000,75.35,158.58,8.05,181
MiA2(Red64),13999.00,Red,Sim,15.21,2332800,AndroidOreo8.1,OctaCore,2.2,64,4,2012,20,3,Yes,3010,75.4,158.7,7.3,168
RedmiNote5Pro(old64),17999.00,old,Sim,15.21,2332800,AndroidNouat7.1.2,OctaCore,1.8,64,6,125,20,34,Yes,4000,75.35,158.58,8.05,181
MiA2(Blue/LakeBlue64),13999.00,Blue/LakeBlue,Sim,15.21,2332800,AndroidOreo8.1,OctaCore,2.2,64,4,2012,20,3,Yes,3010,75.4,158.7,7.3,168
Redmio(Blue16),6700.00,Blue,Sim,12.7,921600,AndroidOreo8.1,QuadCore,1.4,16,1,8,5,3,Yes,3000,70.1,140.4,8.35,137
RedmiNote4(old64),13999.00,old,Sim,13.97,2073600,AndroidMarshmallow6.0.1,OctaCore,2,64,4,13,5,34,Yes,4100,76,151,8.4,165
Redmi8A(SkyWhite32),8499.00,SkyWhite,Sim,15.8,1094400,AndroidPie9,OctaCore,2,32,2,132,8,4,Yes,5000,9,175,92,186
Redmi8A(Midnihtrey32),8498.00,Midnihtrey,Sim,15.8,1094400,AndroidPie9,OctaCore,2,32,2,132,8,42,Yes,5000,9,175,92,186
Redmi8A(SkyWhite64),9990.00,SkyWhite,Sim,15.8,1094400,AndroidPie9,OctaCore,1.95,64,3,132,8,34,Yes,5000,75.41,156.48,9.4,191
Redmi8A(SeaBlue64),9990.00,SeaBlue,Sim,15.8,1094400,AndroidPie9,OctaCore,1.95,64,3,132,8,34,Yes,5000,75.41,156.48,9.4,191
RedmiNote6Pro(Black64),11349.00,Black,Sim,15.9,2462400,AndroidOreo8.1,OctaCore,1.8,64,4,125,202,3,Yes,4000,76.4,157.9,8.26,181
RedmiNote7Pro(NeptuneBlue128),16999.00,NeptuneBlue,Sim,16,2527200,AndroidPie9.0,OctaCore,2,128,6,485,13,3,Yes,4000,75.21,159.21,8.1,186
Redmi8A(Midnihtrey64),9999.00,Midnihtrey,Sim,15.8,1094400,AndroidPie9,OctaCore,1.95,64,3,132,8,34,Yes,5000,75.41,156.48,9.4,191
RedmiNote9Pro(lacierWhite128),19999.00,lacierWhite,Sim,16.94,2592000,AndroidPie10,OctaCore,2.3,128,6,48852,16,4,Yes,5020,76.68,165.75,8.8,209
RedmiNote7(SapphireBlue64),14800.00,SapphireBlue,Sim,16,2527200,AndroidPie9.0,OctaCore,2.2,64,4,122,13,3,Yes,4000,75.21,159.21,8.1,186
MiA2(Roseold64),13990.00,Roseold,Sim,15.21,2332800,AndroidOreo8.1,OctaCore,2.2,64,4,2012,20,3,Yes,3010,75.4,158.7,7.3,168
Redmi7A(Matteold32),6699.00,Matteold,Sim,13.84,1036800,AndroidPie9.0,OctaCore,2,32,2,12,5,42,Yes,4000,70.4,146.3,9.55,165
RedmiY2(Roseold32),8689.00,Roseold,Sim,15.21,1036800,AndroidOreo8.0,OctaCore,2,32,3,125,16,342,Yes,3080,77.26,160.73,8.1,
RedmiY1(rey64),11599.00,rey,Sim,13.97,921600,AndroidNouat7.1.2,OctaCore,1.4,64,4,13,16,342,Yes,3080,76.2,153,7.7,154
RedmiY2(Darkrey32),7999.00,Darkrey,Sim,15.21,1036800,AndroidOreo8.0,OctaCore,2,32,3,125,16,342,Yes,3080,77.26,160.73,8.1,168
VivoY12(BurundyRed64),9900.00,BurundyRed,Sim,16.13,1111680,AndroidPie9.0,OctaCore,2,64,3,1328,8,3,Yes,5000,76.77,159.43,8.92,190.5
VivoU10(ThunderBlack32),10990.00,ThunderBlack,Sim,16.13,1111680,AndroidPie9,OctaCore,2,32,3,1382,8,423,Yes,5000,76.77,159.43,8.92,190.5
VivoY11(MineralBlue32),10849.00,MineralBlue,Sim,16.13,1111680,AndroidPie9,OctaCore,1.95,32,3,132,8,423,Yes,5000,76.77,159.43,8.92,190.5
VivoZ1x(FusionBlue64),16990.00,FusionBlue,Sim,16.21,2527200,AndroidPie9,OctaCore,2.3,64,6,4882,32,342,Yes,4500,75.23,159.53,8.13,189.6
VivoZ1x(PhantomPurple64),16990.00,PhantomPurple,Sim,16.21,2527200,AndroidPie9,OctaCore,2.3,64,6,4882,32,342,Yes,4500,75.23,159.53,8.13,189.6
VivoZ1x(FusionBlue128),18990.00,FusionBlue,Sim,16.21,2527200,AndroidPie9,OctaCore,2.3,128,8,4882,32,432,Yes,4500,75.23,159.53,8.13,189.6
VivoZ1x(PhantomPurple128),18990.00,PhantomPurple,Sim,16.21,2527200,AndroidPie9,OctaCore,2.3,128,8,4882,32,432,Yes,4500,75.23,159.53,8.13,189.6
VivoY15(BurundyRed64),12990.00,BurundyRed,Sim,16.13,1111680,AndroidPie9.0,OctaCore,2,64,4,1328,16,3,Yes,5000,76.77,159.43,8.92,190.5
VivoY11(AateRed32),10849.00,AateRed,Sim,16.13,1111680,AndroidPie9,OctaCore,1.95,32,3,132,8,423,Yes,5000,76.77,159.43,8.92,190.5
VivoS1Pro(MysticBlack128),19990.00,MysticBlack,Sim,16.21,2527200,AndroidPie9,OctaCore,2,128,8,48822,32,423,Yes,4500,75.19,159.25,8.68,186.7
VivoS1Pro(JazzyBlue128),19990.00,JazzyBlue,Sim,16.21,2527200,AndroidPie9,OctaCore,2,128,8,48822,32,423,Yes,4500,75.19,159.25,8.68,186.7
VivoS1Pro(DreamyWhite128),19990.00,DreamyWhite,Sim,16.21,2527200,AndroidPie9,OctaCore,2,128,8,48822,32,423,Yes,4500,75.19,159.25,8.68,186.7
VivoY91i(FusionBlack32),8990.00,FusionBlack,Sim,15.8,1094400,AndroidOreo8.1,OctaCore,2,32,3,13,5,4,Yes,4030,75.09,155.11,8.28,163.5
VivoY91i(OceanBlue32),11982.00,OceanBlue,Sim,15.8,1094400,AndroidOreo8.1,OctaCore,2,32,3,13,5,4,Yes,4030,75.09,155.11,8.28,163.5
VivoY50(PearlWhite128),17990.00,PearlWhite,Sim,16.59,2527200,Android10,OctaCore,2,128,8,13822,16,4,Yes,5000,76.46,162.04,9.11,197
VivoY50(IrisBlue128),17990.00,IrisBlue,Sim,16.59,2527200,Android10,OctaCore,2,128,8,13822,16,4,Yes,5000,76.46,162.04,9.11,197
VivoZ1Pro(SonicBlack128),17990.00,SonicBlack,Sim,16.59,2527200,AndroidPie9,OctaCore,2.3,128,6,1628,32,3,Yes,5000,77.33,162.39,8.85,201
VivoZ1Pro(SonicBlack64),13990.00,SonicBlack,Sim,16.59,2527200,AndroidPie9,OctaCore,2.3,64,4,1628,32,3,Yes,5000,77.33,162.39,8.85,201
VivoZ1Pro(SonicBlue128),17990.00,SonicBlue,Sim,16.59,2527200,AndroidPie9,OctaCore,2.3,128,6,1628,32,3,Yes,5000,77.33,162.39,8.85,201
VivoY91i(OceanBlue32),8705.00,OceanBlue,Sim,15.8,1094400,AndroidOreo8.1,OctaCore,2,32,2,13,5,3,Yes,4030,75.09,155.11,8.28,163.5
VivoY91i(FusionBlack32),8949.00,FusionBlack,Sim,15.8,1094400,AndroidOreo8.1,OctaCore,2,32,2,13,5,3,Yes,4030,75.09,155.11,8.28,163.5
VivoY19(ManeticBlack128),16375.00,ManeticBlack,Sim,16.59,2527200,AndroidPie9,OctaCore,2,128,4,1682,16,342,Yes,5000,76.47,162.15,8.89,193
VivoV19(MysticSilver256),31990.00,MysticSilver,Sim,16.36,2592000,Android10,OctaCore,2.3,256,8,48822,328,4,Yes,4500,75.04,159.64,8.5,186.5
VivoV19(MysticSilver128),27990.00,MysticSilver,Sim,16.36,2592000,Android10,OctaCore,2.3,128,8,48822,328,4,Yes,4500,75.04,159.64,8.5,186.5
VivoV19(PianoBlack128),27990.00,PianoBlack,Sim,16.36,2592000,Android10,OctaCore,2.3,128,8,48822,328,4,Yes,4500,75.04,159.64,8.5,186.5
VivoV19(PianoBlack256),31990.00,PianoBlack,Sim,16.36,2592000,Android10,OctaCore,2.3,256,8,48822,328,4,Yes,4500,75.04,159.64,8.5,186.5
VivoV17(laciericewhite128),24990.00,laciericewhite,Sim,16.36,2592000,AndroidPie9,OctaCore,2,128,8,48822,32,432,Yes,4500,74.17,159.01,8.54,176
VivoV17(MidnihtOceanBlack128),24990.00,MidnihtOceanBlack,Sim,16.36,2592000,AndroidPie9,OctaCore,2,128,8,48822,32,432,Yes,4500,74.17,159.01,8.54,176
VivoU10(ElectricBlue64),11990.00,ElectricBlue,Sim,16.13,1111680,AndroidPie9,OctaCore,2,64,3,1382,8,423,Yes,5000,76.77,159.43,8.92,190.5
VivoS1(SkylineBlue64),18990.00,SkylineBlue,Sim,16.21,2527200,AndroidPie9,OctaCore,2,64,6,1682,32,342,Yes,4500,75.23,159.53,8.13,179
VivoS1(SkylineBlue128),16990.00,SkylineBlue,Sim,16.21,2527200,AndroidPie9,OctaCore,2,128,4,1682,32,342,Yes,4500,75.23,159.53,8.13,179
VivoS1(SkylineBlue128),19990.00,SkylineBlue,Sim,16.21,2527200,AndroidPie9,OctaCore,2,128,6,1682,32,342,Yes,4500,75.23,159.53,8.13,179
VivoS1(DiamondBlack128),16990.00,DiamondBlack,Sim,16.21,2527200,AndroidPie9,OctaCore,2,128,4,1682,32,342,Yes,4500,75.23,159.53,8.13,179
VivoS1(DiamondBlack128),19990.00,DiamondBlack,Sim,16.21,2527200,AndroidPie9,OctaCore,2,128,6,1682,32,342,Yes,4500,75.23,159.53,8.13,179
VivoY91i(FusionBlack16),9199.00,FusionBlack,Sim,15.8,1094400,AndroidOreo8.1,OctaCore,2,16,2,13,5,3,Yes,4030,75.09,155.11,8.28,163.5
VivoV15Pro(TopazBlue128),22399.00,TopazBlue,Sim,16.23,2527200,AndroidPie9.0,OctaCore,2,128,6,4858,32,3,Yes,3700,74.71,157.25,8.21,185
VivoY17(MysticPurple128),13990.00,MysticPurple,Sim,16.13,1111680,AndroidPie9.0,OctaCore,2.3,128,4,1328,20,3,Yes,5000,76.77,159.43,8.92,190.5
VivoV15Pro(RubyRed128),21099.00,RubyRed,Sim,16.23,2527200,AndroidPie9.0,OctaCore,2,128,6,4885,32,3,Yes,3700,74.71,157.25,8.21,185
VivoV17Pro(MidnihtOceanBlack128),29499.00,MidnihtOceanBlack,Sim,16.36,2592000,AndroidPie9.0,OctaCore,2,128,8,481382,328,342,Yes,4100,74.7,159,9.8,201.8
VivoV17Pro(lacierIceWhite128),29499.00,lacierIceWhite,Sim,16.36,2592000,AndroidPie9.0,OctaCore,2,128,8,481382,328,342,Yes,4100,74.7,159,9.8,201.8
VivoU10(ThunderBlack64),11490.00,ThunderBlack,Sim,16.13,1111680,AndroidPie9,OctaCore,2,64,3,1382,8,423,Yes,5000,76.77,159.43,8.92,190.5
VivoV15Pro(TopazBlue128),28499.00,TopazBlue,Sim,16.23,2527200,AndroidPie9.0,OctaCore,2,128,8,4885,32,3,Yes,3700,74.71,157.25,8.21,185
VivoV11Pro(StarryNihtBlack64),28990.00,StarryNihtBlack,Sim,16.28,2527200,AndroidOreo8.1,OctaCore,1.95,64,6,125,25,3,Yes,3400,75.08,157.91,7.9,156
VivoNEX(Black128),29990.00,Black,Sim,16.74,2501280,AndroidOreo8.1,OctaCore,2.8,128,8,125,8,3,Yes,4000,77,162,7.98,199
VivoY81(Black32),13990.00,Black,Sim,15.49,1094400,AndroidOreo8.1,OctaCore,2,32,3,13,5,3,Yes,3260,75,155.06,7.77,148
VivoV9Youth(Black32),16990.00,Black,Sim,16,2462400,AndroidOreo8.1,OctaCore,1.8,32,4,162,16,3,Yes,3260,75.03,154.81,7.89,150
VivoV15(FrozenBlack64),21099.00,FrozenBlack,Sim,16.59,2527200,AndroidPie9.0,OctaCore,2.1,64,6,1258,32,3,Yes,4000,75.93,161.97,8.54,189.5
VivoY93(StarryBlack32),15500.00,StarryBlack,Sim,15.8,1094400,AndroidOreo8.1,OctaCore,2,32,4,132,8,3,Yes,4030,75.09,155.11,8.28,163.5
VivoY93(StarryBlack64),14990.00,StarryBlack,Sim,15.8,1094400,AndroidOreo8.1,OctaCore,2,64,3,132,8,3,Yes,4030,75.09,155.11,8.28,163.5
VivoY91(OceanBlue32),11990.00,OceanBlue,Sim,15.8,1094400,AndroidOreo8.1,OctaCore,2,32,2,132,8,3,Yes,4030,75.09,155.11,8.28,163.5
VivoV7(MatteBlack32),18900.00,MatteBlack,Sim,14.48,1036800,AndroidNouat7.1,OctaCore,1.8,32,4,16,24,3,Yes,3000,72.8,149.3,7.9,139
VivoV7(EnereticBlue32),15990.00,EnereticBlue,Sim,14.48,1036800,AndroidNouat7.1,OctaCore,1.8,32,4,16,24,3,Yes,3000,72.8,149.3,7.9,139
VivoY83(old32),11999.00,old,Sim,15.8,1094400,AndroidOreo8.1,OctaCore,2,32,4,13,8,3,Yes,3260,75.24,155.21,7.7,151
VivoV9(old64),24000.00,old,Sim,16,2462400,AndroidOreo8.1,OctaCore,2.2,64,4,165,24,3,Yes,3260,75.03,154.81,7.89,150
VivoY71i(MatteBlack16),8900.00,MatteBlack,Sim,15.24,1036800,AndroidOreo8.1,QuadCore,1.4,16,2,8,5,3,Yes,3360,75.74,155.87,7.8,
VivoY93(NebulaPurple32),15990.00,NebulaPurple,Sim,15.8,1094400,AndroidOreo8.1,OctaCore,2,32,4,132,8,3,Yes,4030,75.09,155.11,8.28,163.5
VivoU10(ElectricBlue32),10990.00,ElectricBlue,Sim,16.13,1111680,AndroidPie9,OctaCore,2,32,3,1382,8,423,Yes,5000,76.77,159.43,8.92,190.5
VivoZ1Pro(SonicBlack64),14990.00,SonicBlack,Sim,16.59,2527200,AndroidPie9,OctaCore,2.3,64,6,1628,32,3,Yes,5000,77.33,162.39,8.85,201
VivoZ1Pro(SonicBlue64),13990.00,SonicBlue,Sim,16.59,2527200,AndroidPie9,OctaCore,2.3,64,4,1628,32,3,Yes,5000,77.33,162.39,8.85,201
VivoZ1Pro(SonicBlue64),14990.00,SonicBlue,Sim,16.59,2527200,AndroidPie9,OctaCore,2.3,64,6,1628,32,3,Yes,5000,77.33,162.39,8.85,201
VivoU10(ElectricBlue64),12990.00,ElectricBlue,Sim,16.13,1111680,AndroidPie9,OctaCore,2,64,4,1382,8,423,Yes,5000,76.77,159.43,8.92,190.5
VivoU10(ThunderBlack64),12990.00,ThunderBlack,Sim,16.13,1111680,AndroidPie9,OctaCore,2,64,4,1382,8,423,Yes,5000,76.77,159.43,8.92,190.5
VivoV9Pro(Black64),17990.00,Black,Sim,16,2462400,AndroidOreo8.1,OctaCore,1.95,64,4,132,16,3,Yes,3260,75.03,154.81,7.89,150
VivoV9Pro(NebulaPurple64),17990.00,NebulaPurple,Sim,16,2462400,AndroidOreo8.1,OctaCore,1.95,64,4,132,16,3,Yes,3260,75.03,154.81,7.89,150
VivoY81(old32),11500.00,old,Sim,15.49,1094400,AndroidOreo8.1,OctaCore,2,32,3,13,5,3,Yes,3260,75,155.06,7.77,148
VivoV9Youth(old32),17999.00,old,Sim,16,2462400,AndroidOreo8.1,OctaCore,1.8,32,4,162,16,3,Yes,3260,75.03,154.81,7.89,150
VivoY91(StarryBlack32),9990.00,StarryBlack,Sim,15.8,1094400,AndroidOreo8.1,OctaCore,2,32,3,132,8,3,Yes,4030,75.09,155.11,8.28,163.5
VivoY71(old16),10900.00,old,Sim,15.24,1036800,AndroidOreo8.1,QuadCore,1.4,16,3,13,5,3,Yes,3360,75.74,155.87,7.8,150
VivoY71(MatteBlack32),12000.00,MatteBlack,Sim,15.24,1036800,AndroidOreo8.1,QuadCore,1.4,32,4,13,5,3,Yes,3360,75.74,155.87,7.8,150
VivoV7(EnereticBlue64),22325.00,EnereticBlue,Sim,15.21,1036800,AndroidNouat7.1,OctaCore,1.8,64,4,16,24,3,Yes,3225,75.74,155.87,7.7,160
VivoY55S(MatteBlack16),13995.00,MatteBlack,Sim,13.21,921600,AndroidMarshmallow6,QuadCore,1.4,16,3,13,5,3,Yes,2730,72.9,149.9,7.5,142
VivoY55S(rey16),13529.00,rey,Sim,13.21,921600,AndroidMarshmallow6,QuadCore,1.4,16,3,13,5,3,Yes,2730,72.9,149.9,7.5,142
VivoY81i(old16),11990.00,old,Sim,15.8,1094400,AndroidOreo8.1,QuadCore,2,16,2,13,5,3,Yes,3260,75,155.06,7.77,143
VivoY93(StarryBlack32),15500.00,StarryBlack,Sim,15.8,1094400,AndroidOreo8.1,OctaCore,2,32,4,132,8,3,Yes,4030,75.09,155.11,8.28,163.5
VivoY93(StarryBlack64),14990.00,StarryBlack,Sim,15.8,1094400,AndroidOreo8.1,OctaCore,2,64,3,132,8,3,Yes,4030,75.09,155.11,8.28,163.5
VivoY91(OceanBlue32),11990.00,OceanBlue,Sim,15.8,1094400,AndroidOreo8.1,OctaCore,2,32,2,132,8,3,Yes,4030,75.09,155.11,8.28,163.5
VivoV7(MatteBlack32),18900.00,MatteBlack,Sim,14.48,1036800,AndroidNouat7.1,OctaCore,1.8,32,4,16,24,3,Yes,3000,72.8,149.3,7.9,139
VivoV7(EnereticBlue32),15990.00,EnereticBlue,Sim,14.48,1036800,AndroidNouat7.1,OctaCore,1.8,32,4,16,24,3,Yes,3000,72.8,149.3,7.9,139
VivoY83(old32),11999.00,old,Sim,15.8,1094400,AndroidOreo8.1,OctaCore,2,32,4,13,8,3,Yes,3260,75.24,155.21,7.7,151
VivoV9(old64),24000.00,old,Sim,16,2462400,AndroidOreo8.1,OctaCore,2.2,64,4,165,24,3,Yes,3260,75.03,154.81,7.89,150
VivoY71i(MatteBlack16),8900.00,MatteBlack,Sim,15.24,1036800,AndroidOreo8.1,QuadCore,1.4,16,2,8,5,3,Yes,3360,75.74,155.87,7.8,150
VivoY93(NebulaPurple32),15990.00,NebulaPurple,Sim,15.8,1094400,AndroidOreo8.1,OctaCore,2,32,4,132,8,3,Yes,4030,75.09,155.11,8.28,163.5
VivoZ1Pro(SonicBlack64),13990.00,SonicBlack,Sim,16.59,2527200,AndroidPie9,OctaCore,2.3,64,4,1628,32,3,Yes,5000,77.33,162.39,8.85,201
VivoZ1Pro(SonicBlack64),14990.00,SonicBlack,Sim,16.59,2527200,AndroidPie9,OctaCore,2.3,64,6,1628,32,3,Yes,5000,77.33,162.39,8.85,201
VivoZ1Pro(SonicBlue64),14990.00,SonicBlue,Sim,16.59,2527200,AndroidPie9,OctaCore,2.3,64,6,1628,32,3,Yes,5000,77.33,162.39,8.85,201
VivoU10(ElectricBlue64),12990.00,ElectricBlue,Sim,16.13,1111680,AndroidPie9,OctaCore,2,64,4,1382,8,423,Yes,5000,76.77,159.43,8.92,190.5
VivoU10(ThunderBlack64),11490.00,ThunderBlack,Sim,16.13,1111680,AndroidPie9,OctaCore,2,64,3,1382,8,423,Yes,5000,76.77,159.43,8.92,190.5
VivoU10(ThunderBlack64),12990.00,ThunderBlack,Sim,16.13,1111680,AndroidPie9,OctaCore,2,64,4,1382,8,423,Yes,5000,76.77,159.43,8.92,190.5
VivoV9Pro(Black64),17990.00,Black,Sim,16,2462400,AndroidOreo8.1,OctaCore,1.95,64,4,132,16,3,Yes,3260,75.03,154.81,7.89,150
VivoV9Pro(NebulaPurple64),17990.00,NebulaPurple,Sim,16,2462400,AndroidOreo8.1,OctaCore,1.95,64,4,132,16,3,Yes,3260,75.03,154.81,7.89,150
VivoY71(MatteBlack16),10900.00,MatteBlack,Sim,15.24,1036800,AndroidOreo8.1,QuadCore,1.4,16,3,13,5,3,Yes,3360,75.74,155.87,7.8,150
VivoY71(old32),12000.00,old,Sim,15.24,1036800,AndroidOreo8.1,QuadCore,1.4,32,4,13,5,3,Yes,3360,75.74,155.87,7.8,150
VivoY91i(Black32),8998.00,Black,Sim,15.8,1094400,AndroidOreo8.1,OctaCore,2,32,2,13,5,3,Yes,4030,75.09,155.11,8.28,163.5
VivoY91(StarryBlack32),8990.00,StarryBlack,Sim,15.8,1094400,AndroidOreo8.1,OctaCore,2,32,2,132,8,3,Yes,4030,75.09,155.11,8.28,163.5
VivoY69(old32),14914.00,old,Sim,13.97,921600,AndroidNouat7,OctaCore,1.5,32,3,13,16,3,Yes,3000,75.7,154.6,7.7,162.8
VivoY81(Black32),14538.00,Black,Sim,15.8,1094400,AndroidOreo8.1,OctaCore,2,32,4,13,5,3,Yes,3260,75,155.06,7.77,148
SamsunalaxyM30S(Blue128),17490.00,Blue,Sim,16.26,2527200,AndroidPie9,OctaCore,2.3,128,4,488,16,34,Yes,6000,159,9,75,186
SamsunalaxyA21s(Blue64),16499.00,Blue,Sim,16.51,1152000,Android10,OctaCore,2,64,4,48822,13,432,Yes,5000,75.3,163.6,8.9,
SamsunalaxyA21s(Black64),16499.00,Black,Sim,16.51,1152000,Android10,OctaCore,2,64,4,48822,13,432,Yes,5000,75.3,163.6,8.9,191
SamsunalaxyA21s(Blue64),18499.00,Blue,Sim,16.51,1152000,Android10,OctaCore,2,64,6,48822,13,432,Yes,5000,75.3,163.6,8.9,191
SamsunalaxyA21s(White64),18499.00,White,Sim,16.51,1152000,Android10,OctaCore,2,64,6,48822,13,432,Yes,5000,75.3,163.6,8.9,191
SamsunalaxyA21s(Black64),18499.00,Black,Sim,16.51,1152000,Android10,OctaCore,2,64,6,48822,13,432,Yes,5000,75.3,163.6,8.9,191
SamsunalaxyA21s(White64),17490.00,White,Sim,16.51,1152000,Android10,OctaCore,2,64,4,48822,13,432,Yes,5000,75.3,163.6,8.9,191
SamsunalaxyM21(MidnihtBlue64),15999.00,MidnihtBlue,Sim,16.26,2527200,AndroidPie10,OctaCore,2.3,64,4,4885,20,4,Yes,6000,75,159,9,188
SamsunalaxyM21(RavenBlack64),15990.00,RavenBlack,Sim,16.26,2527200,AndroidPie10,OctaCore,2.3,64,4,4885,20,4,Yes,6000,75,159,9,188
SamsunalaxyJ2Core(Black16),6299.00,Black,Sim,12.7,518400,AndroidOreo8.1,QuadCore,1.4,16,1,8,5,432,Yes,2600,72.1,143.4,8.95,154
SamsunalaxyM31(OceanBlue128),19900.00,OceanBlue,Sim,16.26,2527200,AndroidPie10,OctaCore,2.3,128,6,64855,32,4,Yes,6000,9,159,75,191
SamsunalaxyS10Lite(PrismBlue512),47999.00,PrismBlue,Sim,17.02,2592000,Android10,OctaCore,2.8,512,8,48125,32,4,Yes,4500,75.6,162.5,8.1,187
SamsunalaxyS10Lite(PrismBlack512),47999.00,PrismBlack,Sim,17.02,2592000,Android10,OctaCore,2.8,512,8,48125,32,4,Yes,4500,75.6,162.5,8.1,187
SamsunalaxyJ2-2017(Metallicold8),6000.00,Metallicold,Sim,11.94,518400,AndroidLollipop5.4.1,QuadCore,1.3,8,1,5,2,342,Yes,2000,69,136.5,8.4,130
SamsunalaxyJ7Pro(Black64),20995.00,Black,Sim,13.97,2073600,AndroidNouat7,OctaCore,1.6,64,3,13,13,34,Yes,3600,74.7,152.4,7.8,178
SamsunalaxyJ7Nxt(Black16),11995.00,Black,Sim,13.97,921600,AndroidNouat7,OctaCore,1.6,16,2,13,5,34,Yes,3000,152.4,78.6,7.6,170
SamsunalaxyJ7Nxt(old16),10995.00,old,Sim,13.97,921600,AndroidNouat7,OctaCore,1.6,16,2,13,5,342,Yes,3000,152.4,78.6,7.6,170
InfinixHot9Pro(Violet64),9999.00,Violet,Sim,16.76,1152000,Android10,OctaCore,2,64,4,4822,8,4,Yes,5000,76.8,165,8.7,185
InfinixHot9Pro(OceanWave64),9999.00,OceanWave,Sim,16.76,1152000,Android10,OctaCore,2,64,4,4822,8,4,Yes,5000,76.8,165,8.7,185
InfinixHot9(Violet64),8999.00,Violet,Sim,16.76,1152000,Android10,OctaCore,2,64,4,1322,8,4,Yes,5000,76.8,165,8.7,185
InfinixHot9(OceanWave64),8999.00,OceanWave,Sim,16.76,1152000,Android10,OctaCore,2,64,4,1322,8,4,Yes,5000,76.8,165,8.7,185
InfinixNote5Stylus(CharcoalBlue64),10999.00,CharcoalBlue,Sim,15.06,2332800,AndroidOreo8.1,OctaCore,2,64,4,16,16,3,Yes,4000,75,158,8.4,190
InfinixS5Pro(Forestreen64),11499.00,Forestreen,Sim,16.59,2527200,Android10,OctaCore,2.3,64,4,482,16,4,Yes,4000,76.88,162.5,8.95,194
InfinixS5Pro(Violet64),11499.00,Violet,Sim,16.59,2527200,Android10,OctaCore,2.3,64,4,482,16,4,Yes,4000,76.88,162.5,8.95,194
InfinixNote5Stylus(BordeauxRed64),10999.00,BordeauxRed,Sim,15.06,2332800,AndroidOreo8.1,OctaCore,2,64,4,16,16,3,Yes,4000,75,158,8.4,190
InfinixHotS3X(Tradewray32),10999.00,Tradewray,Sim,15.75,1080000,AndroidOreo8.1,OctaCore,1.4,32,3,132,16,342,Yes,4000,75.3,156.7,8.3,150
InfinixHotS3X(MilanBlack32),10999.00,MilanBlack,Sim,15.75,1080000,AndroidOreo8.1,OctaCore,1.4,32,3,132,16,342,Yes,4000,75.3,156.7,8.3,150
InfinixNote5(IceBlue64),7699.00,IceBlue,Sim,15.21,2332800,AndroidOreo8.1.0,OctaCore,2,64,4,12,16,3,Yes,4500,75.25,158.25,8.65,175
InfinixNote5(Berlinray64),7699.00,Berlinray,Sim,15.21,2332800,AndroidOreo8.1.0,OctaCore,2,64,4,12,16,3,Yes,4500,75.25,158.25,8.65,175
InfinixHot7(MidnihtBlack64),9999.00,MidnihtBlack,Sim,15.72,1080000,AndroidPie9.0,OctaCore,2.39,64,4,132,132,432,Yes,4000,74.8,153.9,7.9,159
InfinixHot7(MochaBrown64),9999.00,MochaBrown,Sim,15.72,1080000,AndroidPie9.0,OctaCore,2.39,64,4,132,132,432,Yes,4000,74.8,153.9,7.9,159
InfinixHot7(AquaBlue64),9999.00,AquaBlue,Sim,15.72,1080000,AndroidPie9.0,OctaCore,2.39,64,4,132,132,432,Yes,4000,74.8,153.9,7.9,159
InfinixNote5(Berlinray32),7599.00,Berlinray,Sim,15.21,2332800,AndroidOreo8.1.0,OctaCore,2,32,3,12,16,3,Yes,4500,75.25,158.25,8.65,175
InfinixHotS3(TopazBlue64),11999.00,TopazBlue,Sim,14.35,1036800,AndroidOreo8,OctaCore,1.4,64,4,13,20,3,Yes,4000,72.85,153,8.4,150
InfinixHotS3(SandstoneBlack64),11999.00,SandstoneBlack,Sim,14.35,1036800,AndroidOreo8,OctaCore,1.4,64,4,13,20,3,Yes,4000,72.85,153,8.4,150
InfinixHotS3(Blushold64),11999.00,Blushold,Sim,14.35,1036800,AndroidOreo8,OctaCore,1.4,64,4,13,20,3,Yes,4000,72.85,153,8.4,150
InfinixS5Lite(Violet64),8499.00,Violet,Sim,16.76,1152000,AndroidPie9,OctaCore,2,64,4,162,16,432,Yes,4000,76,164,7.9,178
InfinixS5Lite(QuetzalCyan64),8499.00,QuetzalCyan,Sim,16.76,1152000,AndroidPie9,OctaCore,2,64,4,162,16,432,Yes,4000,76,164,7.9,178
InfinixS5Lite(MidnihtBlack64),8499.00,MidnihtBlack,Sim,16.76,1152000,AndroidPie9,OctaCore,2,64,4,162,16,432,Yes,4000,76,164,7.9,178
InfinixNote5(MilanBlack32),7599.00,MilanBlack,Sim,15.21,2332800,AndroidOreo8.1.0,OctaCore,2,32,3,12,16,3,Yes,4500,75.25,158.25,8.65,175
InfinixZero5Pro(BronzeoldBlack128),19999.00,BronzeoldBlack,Sim,15.19,2073600,AndroidNouat7,OctaCore,2.6,128,6,1213,16,3,Yes,4350,82.38,166.38,7.95,197
InfinixS4(NebulaBlue32),9599.00,NebulaBlue,Sim,15.77,1094400,AndroidPie9.0,OctaCore,2,32,3,132,32,3,Yes,4000,75,156,7.9,155
InfinixS4(TwilihtPurple32),9599.00,TwilihtPurple,Sim,15.77,1094400,AndroidPie9.0,OctaCore,2,32,3,132,32,3,Yes,4000,75,156,7.9,
InfinixS4(Spaceray32),9599.00,Spaceray,Sim,15.77,1094400,AndroidPie9.0,OctaCore,2,32,3,132,32,3,Yes,4000,75,156,7.9,155
InfinixS5(QuetzalCyan64),9599.00,QuetzalCyan,Sim,16.76,1152000,AndroidPie9,OctaCore,2,64,4,1652,32,4,Yes,4000,76,164,7.9,178
InfinixS5(Violet64),9599.00,Violet,Sim,16.76,1152000,AndroidPie9,OctaCore,2,64,4,1652,32,4,Yes,4000,76,164,7.9,178
InfinixHotS3(Blushold32),9999.00,Blushold,Sim,14.35,1036800,AndroidOreo8,OctaCore,1.4,32,3,13,20,3,Yes,4000,72.85,153,8.4,150
InfinixHotS3(SandstoneBlack32),9999.00,SandstoneBlack,Sim,14.35,1036800,AndroidOreo8,OctaCore,1.4,32,3,13,20,3,Yes,4000,72.85,153,8.4,150
InfinixHotS3(TopazBlue32),9999.00,TopazBlue,Sim,14.35,1036800,AndroidOreo8,OctaCore,1.4,32,3,13,20,3,Yes,4000,72.85,153,8.4,150
InfinixHotS3(BordeauxRed32),9999.00,BordeauxRed,Sim,14.35,1036800,AndroidOreo8,OctaCore,1.4,32,3,13,20,3,Yes,4000,72.85,153,8.4,150
InfinixNote5(MilanBlack64),7699.00,MilanBlack,Sim,15.21,2332800,AndroidOreo8.1.0,OctaCore,2,64,4,12,16,3,Yes,4500,75.25,158.25,8.65,175
InfinixZero5(SandstoneBlack64),17999.00,SandstoneBlack,Sim,15.19,2073600,AndroidNouat7,OctaCore,2.6,64,6,1213,16,3,Yes,4350,82.38,166.38,7.95,197
InfinixZero5(BordeauxRed64),17999.00,BordeauxRed,Sim,15.19,2073600,AndroidNouat7,OctaCore,2.6,64,6,1213,16,3,Yes,4350,82.38,166.38,7.95,197
POCOF1(SteelBlue128),18999.00,SteelBlue,Sim,15.7,2332800,AndroidOreo8.1,OctaCore,2.8,128,6,125,20,3,Yes,4000,75.3,155.5,8.8,180
POCOF1(SteelBlue256),22999.00,SteelBlue,Sim,15.7,2332800,AndroidOreo8.1,OctaCore,2.8,256,8,125,20,3,Yes,4000,75.3,155.5,8.8,180
POCOF1(raphiteBlack256),22999.00,raphiteBlack,Sim,15.7,2332800,AndroidOreo8.1,OctaCore,2.8,256,8,125,20,3,Yes,4000,75.3,155.5,8.8,180
POCOF1(ArmouredEdition256),22999.00,ArmouredEdition,Sim,15.7,2332800,AndroidOreo8.1,OctaCore,2.8,256,8,125,20,3,Yes,4000,75.3,155.5,8.8,180
POCOF1(RossoRed64),19999.00,RossoRed,Sim,15.7,2332800,AndroidOreo8.1,OctaCore,2.8,64,6,125,20,3,Yes,4000,75.3,155.5,8.8,180
POCOX2(MatrixPurple256),21499.00,MatrixPurple,Sim,16.94,2592000,Android10,OctaCore,2.2,256,8,64822,202,4,Yes,4500,76.6,165.3,8.79,208
POCOX2(MatrixPurple64),17499.00,MatrixPurple,Sim,16.94,2592000,Android10,OctaCore,2.2,64,6,64822,202,4,Yes,4500,76.6,165.3,8.79,208
POCOX2(AtlantisBlue64),17499.00,AtlantisBlue,Sim,16.94,2592000,Android10,OctaCore,2.2,64,6,64822,202,4,Yes,4500,76.6,165.3,8.79,208
POCOX2(PhoenixRed128),18499.00,PhoenixRed,Sim,16.94,2592000,Android10,OctaCore,2.2,128,6,64822,202,4,Yes,4500,76.6,165.3,8.79,208
POCOX2(AtlantisBlue128),18499.00,AtlantisBlue,Sim,16.94,2592000,Android10,OctaCore,2.2,128,6,64822,202,4,Yes,4500,76.6,165.3,8.79,208
POCOX2(AtlantisBlue256),21499.00,AtlantisBlue,Sim,16.94,2592000,Android10,OctaCore,2.2,256,8,64822,202,4,Yes,4500,76.6,165.3,8.79,208
POCOX2(PhoenixRed256),21499.00,PhoenixRed,Sim,16.94,2592000,Android10,OctaCore,2.2,256,8,64822,202,4,Yes,4500,76.6,165.3,8.79,208
POCOX2(PhoenixRed64),17499.00,PhoenixRed,Sim,16.94,2592000,Android10,OctaCore,2.2,64,6,64822,202,4,Yes,4500,76.6,165.3,8.79,208
POCOX2SpecialEdition(MatrixPurple128),18499.00,MatrixPurple,Sim,16.94,2592000,Android10,OctaCore,2.2,128,6,64822,202,4,Yes,4500,76.6,165.3,8.79,208
POCOF1(RossoRed128),18999.00,RossoRed,Sim,15.7,2332800,AndroidOreo8.1,OctaCore,2.8,128,6,125,20,3,Yes,4000,75.3,155.5,8.8,180
POCOF1(raphiteBlack128),18999.00,raphiteBlack,Sim,15.7,2332800,AndroidOreo8.1,OctaCore,2.8,128,6,125,20,3,Yes,4000,75.3,155.5,8.8,180
POCOF1(RossoRed256),22999.00,RossoRed,Sim,15.7,2332800,AndroidOreo8.1,OctaCore,2.8,256,8,125,20,3,Yes,4000,75.3,155.5,8.8,180
POCOF1(ArmouredEdition128),18999.00,ArmouredEdition,Sim,15.7,2332800,AndroidOreo8.1,OctaCore,2.8,128,6,125,20,3,Yes,4000,75.3,155.5,8.8,180
POCOX2SpecialEdition(AtlantisBlue128),18499.00,AtlantisBlue,Sim,16.94,2592000,Android10,OctaCore,2.2,128,6,64822,202,4,Yes,4500,76.6,165.3,8.79,208
POCOX2SpecialEdition(PhoenixRed128),18499.00,PhoenixRed,Sim,16.94,2592000,Android10,OctaCore,2.2,128,6,64822,202,4,Yes,4500,76.6,165.3,8.79,208
POCOF1(SteelBlue64),19999.00,SteelBlue,Sim,15.7,2332800,AndroidOreo8.1,OctaCore,2.8,64,6,125,20,3,Yes,4000,75.3,155.5,8.8,
POCOF1(raphiteBlack64),19999.00,raphiteBlack,Sim,15.7,2332800,AndroidOreo8.1,OctaCore,2.8,64,6,125,20,3,Yes,4000,75.3,155.5,8.8,180
POCOM2Pro(reenandreener64),14999.00,reenandreener,Sim,16.94,2592000,Android10,OctaCore,2.3,64,6,48852,16,432,Yes,5000,76.68,165.75,8.8,209
POCOM2Pro(reenandreener128),16999.00,reenandreener,Sim,16.94,2592000,Android10,OctaCore,2.3,128,6,48852,16,432,Yes,5000,76.68,165.75,8.8,209
POCOM2Pro(reenandreener64),13999.00,reenandreener,Sim,16.94,2592000,Android10,OctaCore,2.3,64,4,48852,16,432,Yes,5000,76.68,165.75,8.8,209
POCOM2Pro(OutoftheBlue128),16999.00,OutoftheBlue,Sim,16.94,2592000,Android10,OctaCore,2.3,128,6,48852,16,432,Yes,5000,76.68,165.75,8.8,209
POCOM2Pro(TwoShadesofBlack128),16999.00,TwoShadesofBlack,Sim,16.94,2592000,Android10,OctaCore,2.3,128,6,48852,16,432,Yes,5000,76.68,165.75,8.8,209
POCOM2Pro(TwoShadesofBlack64),14999.00,TwoShadesofBlack,Sim,16.94,2592000,Android10,OctaCore,2.3,64,6,48852,16,432,Yes,5000,76.68,165.75,8.8,209
POCOM2Pro(OutoftheBlue64),14999.00,OutoftheBlue,Sim,16.94,2592000,Android10,OctaCore,2.3,64,6,48852,16,432,Yes,5000,76.68,165.75,8.8,209
POCOM2Pro(TwoShadesofBlack64),13999.00,TwoShadesofBlack,Sim,16.94,2592000,Android10,OctaCore,2.3,64,4,48852,16,432,Yes,5000,76.68,165.75,8.8,209
POCOM2Pro(OutoftheBlue64),13999.00,OutoftheBlue,Sim,16.94,2592000,Android10,OctaCore,2.3,64,4,48852,16,432,Yes,5000,76.68,165.75,8.8,209
OPPOA31(FantasyWhite64),12490.00,FantasyWhite,Sim,16.51,1152000,AndroidPie9,OctaCore,2.3,64,4,1222,8,4,Yes,4230,75.5,163.9,8.3,180
OPPOA31(FantasyWhite128),14990.00,FantasyWhite,Sim,16.51,1152000,AndroidPie9,OctaCore,2.3,128,6,1222,8,4,Yes,4230,75.5,163.9,8.3,180
OPPOA31(MysteryBlack128),14990.00,MysteryBlack,Sim,16.51,1152000,AndroidPie9,OctaCore,2.3,128,6,1222,8,4,Yes,4230,75.5,163.9,8.3,180
OPPOA31(MysteryBlack64),12490.00,MysteryBlack,Sim,16.51,1152000,AndroidPie9,OctaCore,2.3,64,4,1222,8,4,Yes,4230,75.5,163.9,8.3,180
OPPOA92020(Marinereen128),16990.00,Marinereen,Sim,16.51,1152000,AndroidPie9,OctaCore,1.8,128,4,48822,16,4,Yes,5000,75.6,163.6,9.1,195
OPPOA12(Black32),9990.00,Black,Sim,15.8,1094400,AndroidPie9.0,OctaCore,1.8,32,3,132,5,4,Yes,4230,75.5,155.9,8.3,165
OPPOA12(Blue32),9990.00,Blue,Sim,15.8,1094400,AndroidPie9.0,OctaCore,1.8,32,3,132,5,4,Yes,4230,75.5,155.9,8.3,165
OPPOA5s(Blue32),8990.00,Blue,Sim,15.75,1094400,AndroidOreo8.1,OctaCore,2.3,32,2,132,8,3,Yes,4230,75.4,155.9,8.2,170
OPPOF15(UnicornWhite128),18990.00,UnicornWhite,Sim,16.26,2592000,AndroidPie9,OctaCore,2.1,128,8,48822,16,4,Yes,4000,73.3,160.2,7.9,172
OPPOF15(BlazinBlue128),18990.00,BlazinBlue,Sim,16.26,2592000,AndroidPie9,OctaCore,2.1,128,8,48822,16,4,Yes,4000,73.3,160.2,7.9,172
OPPOA52(TwilihtBlack128),16990.00,TwilihtBlack,Sim,16.51,2592000,Android10,OctaCore,2,128,6,12822,16,4,Yes,5000,75.5,162,8.9,192
OPPOA52(StreamWhite128),16990.00,StreamWhite,Sim,16.51,2592000,Android10,OctaCore,2,128,6,12822,16,4,Yes,5000,75.5,162,8.9,192
OPPOA11K(DeepBlue32),8990.00,DeepBlue,Sim,15.8,1094400,AndroidPie9,OctaCore,1.8,32,2,132,5,3,Yes,4230,75.5,155.9,8.3,165
OPPOA11K(FlowinSilver32),8990.00,FlowinSilver,Sim,15.8,1094400,AndroidPie9,OctaCore,1.8,32,2,132,5,3,Yes,4230,75.5,155.9,8.3,165
OPPOA5s(reen64),11990.00,reen,Sim,15.75,1094400,AndroidOreo8.1,OctaCore,2.3,64,4,132,8,3,Yes,4230,75.4,155.9,8.2,170
OPPOA92020(SpacePurple128),15990.00,SpacePurple,Sim,16.51,1152000,AndroidPie9,OctaCore,1.8,128,8,48822,16,4,Yes,5000,75.6,163.6,9.1,195
OPPOF15(LihteninBlack128),18990.00,LihteninBlack,Sim,16.26,2592000,AndroidPie9,OctaCore,2.1,128,8,48822,16,4,Yes,4000,73.3,160.2,7.9,172
OPPOA5s(old64),15899.00,old,Sim,15.75,1094400,AndroidOreo8.1,OctaCore,2.3,64,4,132,8,3,Yes,4230,75.4,155.9,8.2,170
OPPOReno3Pro(SkyWhite128),29990.00,SkyWhite,Sim,16.26,2592000,Android10,OctaCore,2.2,128,8,641382,442,4,Yes,4025,73.4,158.8,8.1,
OPPOReno3Pro(AuroralBlue128),29990.00,AuroralBlue,Sim,16.26,2592000,Android10,OctaCore,2.2,128,8,641382,442,4,Yes,4025,73.4,158.8,8.1,175
OPPOReno3Pro(MidnihtBlack128),29990.00,MidnihtBlack,Sim,16.26,2592000,Android10,OctaCore,2.2,128,8,641382,442,4,Yes,4025,73.4,158.8,8.1,175
OPPOA5s(Black32),12990.00,Black,Sim,15.75,1094400,AndroidOreo8.1,OctaCore,2.3,32,2,132,8,3,Yes,4230,75.4,155.9,8.2,170
OPPOF11Pro(ThunderBlack64),14990.00,ThunderBlack,Sim,16.51,2527200,AndroidPie9.0,OctaCore,2.1,64,6,485,16,3,Yes,4000,76.1,161.3,8.8,190
OPPOReno10xZoom(Oceanreen256),41990.00,Oceanreen,Sim,16.76,2527200,AndroidPie9.0,OctaCore,2.8,256,8,48138,16,3,Yes,4065,77.2,162,9.3,215
OPPOReno2(OceanBlue256),38990.00,OceanBlue,Sim,16.51,2527200,AndroidPie9,OctaCore,2.2,256,8,488132,16,423,Yes,4000,74.3,160,9.5,189
OPPOFindX(lacierBlue256),60990.00,lacierBlue,Sim,16.26,2527200,AndroidOreo8.1.0,OctaCore,2.649,256,8,1620,25,3,Yes,3730,74.2,156.7,9.6,186
OPPOFindX(BordeauxRed256),60990.00,BordeauxRed,Sim,16.26,2527200,AndroidOreo8.1.0,OctaCore,2.649,256,8,1620,25,3,Yes,3730,74.2,156.7,9.6,186
OPPOReno2Z(LuminousBlack256),29999.00,LuminousBlack,Sim,16.51,2527200,AndroidPie9.0,OctaCore,2.2,256,8,48822,16,423,Yes,4000,75.8,161.8,8.67,195
OPPOA83(2018Edition)(Chaane64),14499.00,Chaane,Sim,14.48,1036800,AndroidNouat7.1,OctaCore,2.5,64,4,13,8,3,Yes,3180,73.1,150.5,7.7,143
OPPOA92020(VanillaMint128),15990.00,VanillaMint,Sim,16.56,1152000,AndroidPie9,OctaCore,1.8,128,8,48822,16,4,Yes,5000,75.6,163.6,9.1,195
OPPOA5s(Blue32),13744.00,Blue,Sim,15.75,1094400,AndroidOreo8.1,OctaCore,2.3,32,3,132,8,3,Yes,4230,75.4,155.9,8.2,170
OPPOA5s(Red32),12990.00,Red,Sim,15.75,1094400,AndroidOreo8.1,OctaCore,2.3,32,2,132,8,3,Yes,4230,75.4,155.9,8.2,170
OPPOA5s(Black32),9490.00,Black,Sim,15.75,1094400,AndroidOreo8.1,OctaCore,2.3,32,3,132,8,3,Yes,4230,75.4,155.9,8.2,170
OPPOK1(PianoBlack64),18989.00,PianoBlack,Sim,16.28,2527200,AndroidOreo8.1,OctaCore,1.95,64,6,162,25,4,Yes,3600,75.5,158.3,7.4,156
OPPOF9Pro(SunriseRed64),19990.00,SunriseRed,Sim,16,2527200,AndroidOreo8.1.0,OctaCore,2,64,6,162,25,3,Yes,3500,74,156.7,7.99,169
OPPOK1(AstralBlue64),19038.00,AstralBlue,Sim,16.28,2527200,AndroidOreo8.1,OctaCore,1.95,64,6,162,25,4,Yes,3600,75.5,158.3,7.4,156
OPPOF11(Marblereen128),17990.00,Marblereen,Sim,16.59,2527200,AndroidPie9,OctaCore,2.1,128,6,485,16,3,Yes,4020,76.1,162,8.3,188
OPPOA1K(Red32),8490.00,Red,Sim,15.49,1123200,AndroidPie9.0,OctaCore,2,32,2,8,5,3,Yes,4000,77.35,154.4,8.35,165
OPPOA7(larinold64),13990.00,larinold,Sim,15.75,1094400,AndroidOreo8.1,OctaCore,1.8,64,3,132,16,3,Yes,4230,75.4,155.9,8.1,168
OPPOF9Pro(TwilihtBlue64),19990.00,TwilihtBlue,Sim,16,2527200,AndroidOreo8.1.0,OctaCore,2,64,6,162,25,3,Yes,3500,74,156.7,7.99,169
OPPOK1(AstralBlue64),19600.00,AstralBlue,Sim,16.28,2527200,AndroidOreo8.1,OctaCore,1.95,64,4,162,25,3,Yes,3600,75.5,158.3,7.4,156
OPPOF9Pro(StarryPurple64),21150.00,StarryPurple,Sim,16,2527200,AndroidOreo8.1.0,OctaCore,2,64,6,162,25,3,Yes,3500,74,156.7,7.99,169
OPPOA7(lazeBlue64),17500.00,lazeBlue,Sim,15.75,1094400,AndroidOreo8.1,OctaCore,1.8,64,4,132,16,3,Yes,4230,75.4,155.9,8.1,168
OPPOA5s(Red32),12990.00,Red,Sim,15.75,1094400,AndroidOreo8.1,OctaCore,2.3,32,3,132,8,3,Yes,4230,75.4,155.9,8.2,170
OPPOA3s(Red64),14495.00,Red,Sim,15.75,1094400,AndroidOreo8.1,OctaCore,1.8,64,4,132,8,342,Yes,4230,75.6,156.2,8.2,168
OPPOA3s(Red16),9500.00,Red,Sim,15.75,1094400,AndroidOreo8.1,OctaCore,1.8,16,2,132,8,342,Yes,4230,75.6,156.2,8.2,168
OPPOA3s(Purple16),9500.00,Purple,Sim,15.75,1094400,AndroidOreo8.1,OctaCore,1.8,16,2,132,8,342,Yes,4230,75.6,156.2,8.2,168
OPPOA92020(VanillaMint128),13990.00,VanillaMint,Sim,16.56,1152000,AndroidPie9,OctaCore,1.8,128,4,48822,16,4,Yes,5000,75.6,163.6,9.1,195
OPPOA12(Black64),11490.00,Black,Sim,15.8,1094400,AndroidPie9.0,OctaCore,1.8,64,4,132,5,4,Yes,4230,75.5,155.9,8.3,165
OPPOA12(Blue64),11490.00,Blue,Sim,15.8,1094400,AndroidPie9.0,OctaCore,1.8,64,4,132,5,4,Yes,4230,75.5,155.9,8.3,165
OPPOF11Pro(Waterfallrey128),16990.00,Waterfallrey,Sim,16.51,2527200,AndroidPie9,OctaCore,2.1,128,6,485,16,3,Yes,4000,76.1,161.3,8.8,190
OPPOF11Pro(ThunderBlack128),16990.00,ThunderBlack,Sim,16.51,2527200,AndroidPie9.0,OctaCore,2.1,128,6,485,16,3,Yes,4000,76.1,161.3,8.8,190
OPPOR17Pro(RadiantMist128),31590.00,RadiantMist,Sim,16.26,2527200,AndroidOreo8.1,OctaCore,2.2,128,8,1220,25,342,Yes,3700,74.6,157.6,7.9,
OPPOA83(Black32),13490.00,Black,Sim,14.48,1036800,AndroidNouat7.1,OctaCore,2.5,32,3,13,8,3,Yes,3180,73.1,150.5,7.7,143
OPPOA83(Red16),9490.00,Red,Sim,14.48,1036800,AndroidNouat7.1,OctaCore,2.5,16,2,13,8,3,Yes,3180,73.1,150.5,7.7,143
OPPOF7(Red64),22990.00,Red,Sim,15.82,2462400,AndroidOreo8.1.0,OctaCore,2,64,4,16,25,342,Yes,3400,75.3,156,7.8,158
OPPOF11(Marblereen128),13990.00,Marblereen,Sim,16.59,2527200,AndroidPie9.0,OctaCore,2.1,128,4,485,16,3,Yes,4020,76.1,162,8.3,188
OPPOF11(FluoritePurple128),13990.00,FluoritePurple,Sim,16.59,2527200,AndroidPie9.0,OctaCore,2.1,128,4,485,16,3,Yes,4020,76.1,162,8.3,188
OPPOF11(JewelryWhite128),17990.00,JewelryWhite,Sim,16.59,2527200,AndroidPie9,OctaCore,2.1,128,6,485,16,3,Yes,4020,76.1,162,8.3,188
OPPOF1S(Roseold64),18990.00,Roseold,Sim,13.97,921600,AndroidLollipop5.1,OctaCore,1.4,64,4,13,16,342,Yes,3075,76,154.5,7.38,160
OPPOF1S(rey64),18990.00,rey,Sim,13.97,921600,AndroidLollipop5.1,OctaCore,1.4,64,4,13,16,342,Yes,3075,76,154.5,7.38,160
OPPOF1S(old64),18990.00,old,Sim,13.97,921600,AndroidLollipop5.1,OctaCore,1.4,64,4,13,16,3,Yes,3075,76,154.5,7.38,160
OPPOF1S(rey32),11990.00,rey,Sim,13.97,921600,AndroidLollipop5.1.1,singleCore,1.5,32,3,13,16,4,Yes,3075,154.5,7.38,76,160
OPPOA71k(NewEdition)(Blue16),8490.00,Blue,Sim,13.21,921600,AndroidNouat7.1,OctaCore,1.8,16,3,13,5,3,Yes,3000,73.8,148.1,7.6,137
OPPOA3s(Purple32),12990.00,Purple,Sim,15.75,1094400,AndroidOreo8.1,OctaCore,1.8,32,3,132,8,342,Yes,4230,75.6,156.2,8.2,168
OPPOF3(Roseold64),18000.00,Roseold,Sim,13.97,2073600,AndroidMarshmallow6,OctaCore,1.5,64,4,13,168,342,Yes,3200,75.2,153.3,7.3,153
OPPOA5(DiamondRed32),13500.00,DiamondRed,Sim,15.75,1094400,AndroidOreo8.1,OctaCore,1.8,32,4,132,8,3,Yes,4230,75.6,156.1,8.2,170
OPPOA83(2018Edition)(Red64),13990.00,Red,Sim,14.48,1036800,AndroidNouat7.1,OctaCore,2.5,64,4,13,8,3,Yes,3180,73.1,150.5,7.7,143
OPPOF9(StellarPurple64),17000.00,StellarPurple,Sim,16,2527200,AndroidOreo8.1.0,OctaCore,2,64,4,162,16,3,Yes,3500,74,156.7,7.99,169
OPPOA3s(Purple64),15000.00,Purple,Sim,15.75,1094400,AndroidOreo8.1,OctaCore,1.8,64,4,132,8,342,Yes,4230,75.6,156.2,8.2,168
OPPOA3s(Red64),14495.00,Red,Sim,15.75,1094400,AndroidOreo8.1,OctaCore,1.8,64,4,132,8,342,Yes,4230,75.6,156.2,8.2,168
OPPOA3s(Red16),9500.00,Red,Sim,15.75,1094400,AndroidOreo8.1,OctaCore,1.8,16,2,132,8,342,Yes,4230,75.6,156.2,8.2,168
OPPOA3s(Purple16),9500.00,Purple,Sim,15.75,1094400,AndroidOreo8.1,OctaCore,1.8,16,2,132,8,342,Yes,4230,75.6,156.2,8.2,168
OPPOReno10xZoom(JetBlack256),41990.00,JetBlack,Sim,16.76,2527200,AndroidPie9.0,OctaCore,2.8,256,8,48138,16,3,Yes,4065,77.2,162,9.3,215
OPPOReno10xZoom(JetBlack128),38990.00,JetBlack,Sim,16.76,2527200,AndroidPie9.0,OctaCore,2.8,128,6,48138,16,3,Yes,4065,77.2,162,9.3,215
OPPOA92020(VanillaMint128),13990.00,VanillaMint,Sim,16.56,1152000,AndroidPie9,OctaCore,1.8,128,4,48822,16,4,Yes,5000,75.6,163.6,9.1,
OPPOA12(Black64),11490.00,Black,Sim,15.8,1094400,AndroidPie9.0,OctaCore,1.8,64,4,132,5,4,Yes,4230,75.5,155.9,8.3,165
OPPOA12(Blue64),11490.00,Blue,Sim,15.8,1094400,AndroidPie9.0,OctaCore,1.8,64,4,132,5,4,Yes,4230,75.5,155.9,8.3,165
OPPOF11Pro(Waterfallrey128),16990.00,Waterfallrey,Sim,16.51,2527200,AndroidPie9,OctaCore,2.1,128,6,485,16,3,Yes,4000,76.1,161.3,8.8,190
OPPOF11Pro(ThunderBlack128),16990.00,ThunderBlack,Sim,16.51,2527200,AndroidPie9.0,OctaCore,2.1,128,6,485,16,3,Yes,4000,76.1,161.3,8.8,190
OPPOR17Pro(RadiantMist128),31590.00,RadiantMist,Sim,16.26,2527200,AndroidOreo8.1,OctaCore,2.2,128,8,1220,25,342,Yes,3700,74.6,157.6,7.9,183
OPPOA83(Black32),13490.00,Black,Sim,14.48,1036800,AndroidNouat7.1,OctaCore,2.5,32,3,13,8,3,Yes,3180,73.1,150.5,7.7,143
OPPOA83(Red16),9490.00,Red,Sim,14.48,1036800,AndroidNouat7.1,OctaCore,2.5,16,2,13,8,3,Yes,3180,73.1,150.5,7.7,143
OPPOF7(Red64),22990.00,Red,Sim,15.82,2462400,AndroidOreo8.1.0,OctaCore,2,64,4,16,25,342,Yes,3400,75.3,156,7.8,158
OPPOF11(Marblereen128),13990.00,Marblereen,Sim,16.59,2527200,AndroidPie9.0,OctaCore,2.1,128,4,485,16,3,Yes,4020,76.1,162,8.3,188
OPPOF11(FluoritePurple128),13990.00,FluoritePurple,Sim,16.59,2527200,AndroidPie9.0,OctaCore,2.1,128,4,485,16,3,Yes,4020,76.1,162,8.3,188
